question,formula,answer,hint1,hint2,hint3,hint4,hint5,hint6
愛と憎しみを合わせたものを何という？,LoveAndHate,愛憎,感情に所属しており応用感情基本感情強い感情弱い感情のどれにも位置しない,反対の語句が並んでいる,○○の念が入り混じる,○○相半ばする,特に相手に対して好悪の感情を抱くこと,一組の存在達の間に生じる全く対照的な感情
期待と喜びを合わせたものを何という？,Optimism(=Anticipation+Joy),楽観,感情に所属しており応用感情に位置している,世界を軽く考えている,物事の先行きを良い方に考えて心配しない事,心配するほどのことではないとして気楽に考えること,病状は○○を許さない,状況を○○する
嫌悪と喜びを合わせたものを何という？,Morbidness(=Disgust+Joy),病的状態,感情に所属しており応用感情に位置している,矛盾している状態,「無能感が個人を圧倒し有益な活動へ刺激するどころか,人を落ち込ませ,成長出来ないときの劣等感」,認知症が含まれる,病識とは患者自身が○○○○にあると自覚する事,過剰なストレス刺激は精神的な○○○○の原因となる
怒りと期待を合わせたものを何という？,Aggressiveness(=Anger+Anticipation),積極性,感情に所属しており応用感情に位置している,自発的に動くこと,物事に対して能動的に行動する姿勢,○○○を養う,○○○のある人,賢明な○○○
怒りと喜びを合わせたものを何という？,Pride(=Anger+Joy),誇り,感情に所属しており応用感情に位置している,自信を持っている,みずからそれを名誉とする感情,一家の○○,○○を傷つけられる,○○を尊重する
嫌悪と期待を合わせたものを何という？,Cynicism(=Disgust+Anticipation),冷笑,感情に所属しており応用感情に位置している,さげすみ見下した態度で見ること,「さげすみみくだした態度で笑う事」,あざわらうこと,○○主義,○○を浮かべる
悲しみと期待を合わせたものを何という？,Pessimism(=Sadness+Anticipation),悲観,感情に所属しており応用感情に位置している,事態を暗い向きに見ること,好ましい状態にならないだろうと前途を悲しんで考えること,「人生・世界・宇宙は苦しみや悪ばかりだとする物の見方」,先行きに望みは無いと考えるさま,望みの持てないさま
嫌悪と怒りを合わせたものを何という？,Contempt(=Disgust+Anger),軽蔑,感情に所属しており応用感情に位置している,馬鹿にすること,かろんじさげすむこと,「いやしい劣っているつまらないなどと感じて馬鹿にすること」,かるくみてあなどること,見下げること
悲しみと怒りを合わせたものを何という？,Envy(=Sadness+Anger),嫉妬,感情に所属しており応用感情及び七大罪に位置している,「相手のスキルを強制的に使用不能（封印）することが出来るが感情の抑制が効きにくくなってしまう」,相手を愛する反動,「独占欲を満たせないときに瞬時に生まれる消しがたい感情」,SNSでの「いいね!」の裏の感情,「自分より優れた者を羨んだり妬んだりすること」
驚きと怒りを合わせたものを何という？,Outrage(=Surprise+Anger),憤慨,感情に所属しており応用感情に位置している,酷く腹を立てること,けしかからぬ事に対していきどおりなげくこと,身勝手な振る舞いに○○する,涼宮ハルヒの○○,非常に腹を立てている様子
悲しみと嫌悪を合わせたものを何という？,Remorse(=Sadness+Disgust),自責,感情に所属しており応用感情に位置している,自分で自分の過ちを責めること,○○思考,○○の念に駆られる,○○点,過度な○○思考は鬱の原因
驚きと嫌悪を合わせたものを何という？,Unbelief(=Surprise+Disgust),不信,感情に所属しており応用感情に位置している,信用しない事,信義がない事,不実,○○の念を抱く,信仰心のない事
恐れと嫌悪を合わせたものを何という？,Shame(=Fear+Disgust),恥,感情に所属しており応用感情に位置している,きまり悪く思う,はずかしく思う,「世の人に対し面目・名誉を失う事」,はずべき事柄をはずかしいと思う,存在らしい心,○○を忍んでお願いする
驚きと悲しみを合わせたものを何という？,Disappointment(=Surprise+Sadness),失望,感情に所属しており応用感情に位置している,とある都市の最高戦力の成長が想定よりも低かった,のぞみをうしなうこと,あてがはずれてがっかりすること,期待や希望が外れた時の気持ちが沈むさま,○○落胆
恐れと悲しみを合わせたものを何という？,Despair(=Fear+Sadness),絶望,感情に所属しており応用感情及び負の感情に位置している,抗う英雄が産まれる土壌を作るための世界の状況,「ある不在の全を獲得し或いは現存する悪を排除する可能性がまったくなくなった場合の精神状態」,希望のない様子,ピンチはチャンス,望みが絶たれた状態,
信頼と悲しみを合わせたものを何という？,Sentimentality(=Trust+Sadness),感傷,感情に所属しており応用感情に位置している,ものに感じて心を痛めること,「そう思うとなんだか○○の情に堪えない」,「物事に感じやすくすぐ悲しんだり同情したりする心の傾向」,○○に浸る,○○的,
恐れと驚きを合わせたものを何という？,Awe(=Fear+Surprise),畏敬,感情に所属しており応用感情に位置している,心から服しうやまうこと,崇高なものや偉大な人をおそれうやまうこと,○○の念を抱く,○○する,○○の念に打たれる,
信頼と驚きを合わせたものを何という？,Curiosity(=Trust+Surprise),好奇心,感情に所属しており応用感情に位置している,珍しいものや自分の知らないものに興味を持つ心,奇なるものを好む心,○○○旺盛,生得的なもの,物事を探究しようとする根源的な心,
喜びと驚きを合わせたものを何という？,Delight(=Joy+Surprise),歓喜,感情に所属しており応用感情に位置している,非常に喜ぶこと,よろこび,○○の声,心からの喜び,心が滾る,
信頼と恐れを合わせたものを何という？,Submission(=Trust+Fear),服従,感情に所属しており応用感情に位置している,大人しくして他人の命令や意志に従う事,絶対○○○○の心理,○○する,他に従う事,,
喜びと恐れを合わせたものを何という？,Guilt(=Joy+Fear),罪悪感,感情に所属しており応用感情に位置している,「社会的道徳的に非難されるべきことを犯したという意識ないしは感情」,自身がした行為をざいあくと感じる気持ち,○○○を抱く,○○○を消す,不道徳な行いに伴う恥の気持ち
期待と恐れを合わせたものを何という？,Anxiety(=Anticipation+Fear),不安,感情に所属しており応用感情に位置している,「誰もが不通に経験する神経質心配困惑の感情」,幅広い精神障害などでもみられます,○○障害,○○症,○○神経症,
喜びと信頼を合わせたものを何という？,Love(=Joy+Trust),愛,感情に所属しており応用感情に位置している,悪い魔法使いが得られなかったもの,「そのものの価値を認め強く引き付けられる気持ち」,大事なものとして慕う心,かわいがる,男女が思いあう,
期待と信頼を合わせたものを何という？,Hope(=Anticipation+Trust),希望,感情に所属しており応用感情に位置している,○○の魔法使い,未来に望みをかけること,「こうなればよいなってほしいと願う事」,その事柄の内容,望み通りになるだろうという良い見通し
怒りと信頼を合わせたものを何という？,Dominance(=Anger+Trust),優位,感情に所属しており応用感情に位置している,他より立ちまさった(有利な)位置や立場,○○に立つ,味方に○○な戦局,○○性,幸福,○○
喜怒哀楽から喜と哀と怒を外し「しい」を合わせたものを何という？,"Enjoy(=joy,anger,sadness,Enjoy-joy-anger-sadness)",楽しい,「感情に所属しており基本感情,弱い感情強い感情,応用感情のどれにも位置しない」,気持ちよく明るい気分だ,戦騎,のびのびと満ち足りた気持ちだ,愉しい,○○○ピクニック
嬉笑怒罵から嬉しいと笑うと罵るを外したものを何という？,"Anger(=Happylaughingangrycursing-happy-laugh-curse)",怒り,感情に所属しており基本感情に位置している,はらだち,戦騎,いきどおり,原初的な感情の一つ,○○の状態,
哀哀父母から哀しい一つと父と母を外したものを何という？,Sad(=grievingparents-Asadone-father-mother),悲しみ,感情に所属しており強い感情に位置している,負の感情の1つ,胸が締め付けられるといった身体的感覚,戦騎,胸が締め付けられるといった身体的感覚,○○○に暮れる,哀しい気持ちや心
愛別離苦から別れる離れると愛するを外したものを何という？,Grief(=separationpain-Love-breakup-Leave),悲痛,感情に所属しており強い感情に位置している,（見聞きして）心が痛み極めて悲しい事,あまりに悲しくて心が痛むこと,○○な面持ち,○○な叫び,悲しさを痛ましく思う事
狂喜乱舞から狂うと乱れると舞うを外したものを何という？,Joy(=Crazydance-gocrazy-bedisturbed-dance),喜び,感情に所属しており基本感情に位置している,うれしく思う心・気持ち,満足な思い,戦騎,悦び,慶び,
恐恐謹言から恐れ一つと謹言を外したものを何という？,Fear(=Iapologizefortheinconvenience-onefear-Greetings),恐れ,感情に所属しており基本感情に位置している,おそれること,悪いことが起こるのではないかという心配,懸念,畏れ,恐怖
驚心動魄から心と動くと魄を外したものを何という？,Surprise(=Shockingheart-heart-move-spirit),驚き,感情に所属しており基本感情に位置している,動物が予期しない事象を体験した時に起こる瞬間的な感情をいう,驚愕,他の感情に比べて単純かつ原始的,生理的反応と強く結びついた情動,愕き
自己嫌悪から自己を外したものを何という？,Disgust(=selfhate-self),嫌悪,感情に所属しており基本感情に位置している,憎み嫌う事,不愉快に思う事,不正を○○する,○○感,同族○○
期待値から値を外したものを何という？,Anticipation(=Expectedvalue-value),期待,感情に所属しており基本感情に位置している,ある人がそれをするのを（他の人が）あてにし,心待ちに待つこと,将来それが実現するように待ち構えること,あることが実現するだろうと望みをかけて待ち受けること,「何らかのことが実現するだろう,と望みつつ待つこと」,好ましい状態の実現を心の中で待ち望んでいる様子
信頼度成長曲線から度と成長曲線を外したものを何という？,Trust(=Confidencegrowthcurve-degree-growthcurve),信頼,感情に所属しており基本感情に位置している,頼りに出来るとして信ずること,信じて頼りとすること,信用して任せてること,信じて頼りにする気持ち,○○性,
恍惚の人からのと人を外したものを何という？,Ecstasy(=ecstaticperson-of-person),恍惚,感情に所属しており強い感情に位置している,「物事に心をうばわれて,うっとりする様」,ぼけていること,○○として聴き入る,○○の境地,意識がはっきりしないさま
警戒区域から区域を外したものを何という？,Vigilance(=restrictedarea-area),警戒,感情に所属しており強い感情に位置している,「好ましくないことが起こらないように,注意し用心する事」,徹夜で○○にあたる,○○レベル,インフレを○○する,「危険や災害に備えて,あらかじめ注意し,用心すること」
激怒症候群から症候群を外したものを何という？,Rage(=ragesyndrome-syndrome),激怒,感情に所属しており強い感情に位置している,激しく怒る事,酷い立腹,大○○○○する,先生の○○を買う,
憎悪の念からのと念を外したものを何という？,Loathing(=thoughtsofhatred-of-Thought),憎悪,感情に所属しており強い感情及び負の感情に位置している,憎み嫌う事,酷く憎むこと,戦争を○○する,○○の科学,○○のピラミッド,
驚嘆の声からのと声を外したものを何という？,Amazement(=amazing-to-worthy),驚嘆,感情に所属しており強い感情に位置している,非常に驚くこと,大きな驚き,びっくりして感心する事,酷く感心すること,思いがけない出来事に会って驚くこと,
恐怖しろ！からしろと！を外したものを何という？,"Terror+(=Beafraid!-do-!)",恐怖,感情に所属しており強い感情及び負の感情に位置している,恐れること,恐れる心,恐ろしい感じ,○○にかられる,○○心
感嘆符から符を外したものを何という？,Admiration(=Exclamationpoint-sign),感嘆,感情に所属しており強い感情に位置している,「感心してほめること」,なげきかなしむこと,熱意と努力に○○する,○○Ⅱ,○○の声を上げる,
平穏無事から無事を外したものを何という？,Serenity(=Peacefulandsafe-safely),平穏,感情に所属しており弱い感情に位置している,「変ったことも怒らずおだやかなさま」,○○な日常を送る,心の○○,静かに穏やかな事,○○死,
興味津々から津々を外したものを何という？,Interest(=Interesting-allover),興味,感情に所属しており弱い感情に位置している,人の関心をそそる面白み,ある対象に対する特別の関心,○○に満ちた表情,○○を引く,○○がわく,
煩雑世界から雑と世界を外したものを何という？,Annoyance(=complicatedworld-rough-world),煩さ,感情に所属しており弱い感情に位置している,わずらわしいこと,うるさいこと,うるさいさま,煩瑣,騒音のうるささ,
憂鬱な未来から鬱なと未来を外したものを何という？,Pensiveness(=gloomyfuture-Depressed-future),憂い,感情に所属しており弱い感情に位置している,思うようにならなくてつらい,せつない,憂鬱だ,愁い,悲しみ
退屈な日々からな日々を外したものを何という？,Boredom(=boredompsychology-psychology),退屈,感情に所属しており弱い感情に位置している,「相変わらずの状態が続くので心が晴れず,あきること」,くたびれて気力が衰えること,いやになること,いやになるさま,「することがなくて,時間を持て余すこと」,
動揺性歩行から性と歩行を外したものを何という？,Distraction(=agitatedgait-gender-walking),動揺,感情に所属しており,弱い感情に位置している,「他からの作用で,動き揺れること」,「転じて,気持ちなどが不安定になること」,不安さわぎ,心の○○を隠す
心配事から事を外したものを何という？,Apprehension(=Anxiety-case),心配,感情に所属しており弱い感情に位置している,おもいわずらうこと,きがかり,上手く運ぶように気を使って手配すること,配慮,きにかけてめんどうをみること
容認発音から発音外したものを何という？,Acceptance(acceptablepronunciation-pronunciation),容認,感情に所属しており弱い感情に位置している,「それでよいとして認めること」,行動の自由を○○する,許せる範囲と認めて許すこと,複国籍○○,副業○○
笑われるとコンプレックスから生み出されるものは何？,Arrogance(=belaughedat*Complex),傲慢,感情に所属しており七大罪に位置している,「取得する経験値熟練度各能力値が大幅に上昇する代わりに好戦的になり許容量以上の経験値をため込んでしまう」,高ぶって人を侮り見下す態度であること,○○無礼,調子づいて人を馬鹿にする,ひとをみくびって礼儀を欠くこと
理性消失と本能적殺戮から生み出されるものは何？,Wrath(=Reasondisappears*Instinctivemassacre),憤怒,感情に所属しており七大罪及び負の感情に位置している,「最大で通常の10倍近くまで代償なくステータスを底上げすることが出来るがやがて唯の狂戦士と化す」,「つかみかからんばかりの恐ろしい形相で,激しく怒る事」,○○の悪魔,非道な行為に○○する,○○の魔女
周囲大幅消費と自己効率から生み出されるものは何？,Lazy(=Theneighborhoodlargeconsumption*Selfefficiency),怠惰,感情に所属しており七大罪に位置している,「精神に異常をきたすことは無く皮肉が込められている」,「つかみかからんばかりの恐ろしい形相で,激しく怒る事」,なまけておりだらしないさま,○○の悪魔,魔女教大罪司教,○○担当
殺害相手からランダムに一部略奪と満たされない欲望から生み出されるものは何？,Greed(=Iplunderthekillingpartnerofitpartlyatrandom*Thegreedthatisnotsatisfied),強欲,感情に所属しており七大罪に位置している,「eを加えた場合,錬金術で生み出されたメダルを体内に収納しているといずれはグリードへと堕ちていく」,あくどいほど欲が張っている事,「際限なく,何が何でも,自分の欲を満たしようとするさま」,○○の悪魔,○○の魔女,
あらゆるものを対象に食すことが可能と永久空腹から生み出されるものは何？,Gluttony(=Icaneatittargetingateverything*Eternityhunger),暴食,感情に所属しており七大罪に位置している,「永久空腹は克服可能であり食したものはエネルギーとしてストックすることが出来る」,暴飲○○○○する,○○の魔女,○○者
相手に「催眠」「魅了」「洗脳」の状態異常を付与と激しい嫌悪感から生み出されるものは何？,Lust(=Igivestateabnormalityofthehypnosischarmbrainwashingtoapartner*Intenseloathsomeness),色欲,感情に所属しており七大罪に位置している,「対象となった者は持ち主の意のままに操られるが継続的に重ね掛けが必要となる」,性的な欲望,情欲,○○の悪魔,色情と利欲
死者蘇生と禁忌から生み出され自己を省くものは何？,Mercy(=resurrectionofthedead*Taboo/self),慈悲,行動に所属しており七美徳に位置している,「死亡から数分程度でなければ使用できず使用するごとに禁忌レベルが上昇してきます」,「仏・菩薩が人々をあわれみ楽しみを与え苦しみを取り除くこと」,「いつくしみあわれむこと」,○○の天使王,○○深い
死亡回避と防御・抵抗の能力上昇と耐性系熟練度補正から生み出され我慢を省くものは何？,Patience(=deathavoidance*Defense/resistanceabilityincreaseandresistanceproficiencycorrection*Resistanceproficiencycorrection/Patience),忍耐,行動に所属しており七美徳に位置している,「体力を1残し生存する」,「苦しさ辛さ悲しさなどを耐え忍ぶこと」,○○力,○○の天使,○○強い
魂移す侵食乗っ取りと半分不死から生み出され他者の意思を省くものは何？,"Diligence(=Erosiontakeovertomovethesoul*halfimmortal/thewillofothers)",勤勉,「行動に所属しており七美徳に位置している」,一日も欠かすことなく毎日同じことを繰り返す,仕事や勉強に一所懸命に励むこと,○○家,「良く働き学ぶこと」,たゆまずに一所懸命にあることを続けていく様,
自身を中心に自己及び味方へ体力超速回復と寄付から生み出されストックを省くものは何？,"Relief(=Superfastrecoveryofphysicalstrengthtoselfandallies*donation/stock)",救恤,「行動に所属しており七美徳に位置している」,最下級回復術師,「貧乏人・被災者等を救い恵むこと」,困っている人に見舞いの金品などを与えて救うこと,万人の○○○○の王,
前世の記憶保持状態での転生可能と実質不死から生み出され不正を省くものは何？,"Temperance(=Reincarnationwithmemoryofpreviousliferetained("&")Practicallyimmortal/fraud)",節制,「行動に所属しており七美徳に位置している」,切り詰めて行動している,「欲望におぼれて度を超すことが無いように適度に慎むこと」,規律正しく統率のとれている事,○○生活,
魂を消費して神と同等の力を得ると対等な立場から生み出され不快感を省くものは何？,"Humility+(=Consumeyoursoultogainpowerequaltothatofagod("&")+equalposition/Discomfort)",謙譲,「行動に所属しており七美徳に位置している」,魂魄の一部を神へと渡すこと,へりくだること,謙遜,○○の美徳,○○語
自身の持つ神性領域を拡張すると強力な結界を展開するから生み出され性的な関係を省くものは何？,"Purity(=Expandyourowndivinerealm("&")developapowerfulbarrier/sexualrelationship)",純潔,「行動に所属しており七美徳に位置している」,ピュアである肉体や心が汚れていない事,「心身にけがれがなく,清らかな事」,赤いフリージアの花言葉,スズランの花言葉,
全情報閲覧とマッピングと追跡と魔道の極みと星魔から生み出され拒否を省くものは何？,"Wisdom(=Viewallinformation("&")mapping("&")tracking("&")Theheightofmagic("&")Stardemon/rejection)",叡智,「知識に所属しており感情七美徳七大罪のいずれにも位置しない」,支配者権限に気まぐれで追加されたものである,深遠な道理を知り得る優れた知恵,「物事の真実在の理性的,悟性的認識」,○○の王,人類の○○
深い悲しみと憎悪から至り一つを除いてあらゆる感情が鎮静されるものは何？,"Malice(=deepsorrow("&")hatred%Itiseveryfeelingexceptone)",悪意,「感情に所属しており負の感情に位置している」,「他の存在や物事に対して抱く悪い感情または見方」,わるぎ,○○がある,無意識の○○○○の連鎖は止められない,
殺し合う儀式と秘めた戦求本能から至り全く同じものでは話にならないものは何？,"Struggle(=Theceremonythatitspoils("&")Hiddenfightinginstinct%Itdoesn'tmatterifit'sexactlythesame)",闘争,「感情に所属しており負の感情に位置している」,たたかうこと,あらそい,○○本能,○○の女神,○○を求める
愛も欲も自分の中と気付けない存在が謳うから至り心の中を探すものは何？,"Intentiontokill(=Asfortheloveandthedesireamongoneself("&")Existencenottobeabletonoticedeclaresit→Icanlookforitinaheart)",殺意,「感情に所属しており負の感情に位置している」,存在を殺そうとする意志,存在を死に至らしめる危険性の高い行為をすることの認識,どうしようもなく相手に対して苛立ちなどを覚えた際に芽生える感情,○○の波動,スノードロップの花言葉より「貴方の死を望みます」
個体の減少と星から存在しなくなるから至りバランスが破損するものは何？,"Extinction(=Decreaseinindividuals("&")ceasetoexistfromthestars→balanceisdamaged)",絶滅,「感情に所属しており負の感情に位置している」,絶え滅びること,絶やし滅ぼすこと,地球上から永遠にいなくなってしますこと,○○危惧種,レッドリスト
死亡するフラグと成長するスピード速遅から至り創造の先にあるものは何？,"Catastrophe+(=flagtodie("&")+growingfastandslow→beyondcreation",破滅,「感情に所属しており負の感情に位置している」,存在価値を失うまでに駄目になる事,存在が身を滅ぼすこと,○○フラグ,○○の本,○○的思考
破局的な被害を受けると失い陥った運命から至り回避したいと思うものは何？,"Destruction(=suffercatastrophicdamage("&")ThefateIlost→wanttoavoid)",滅亡,「感情に所属しており負の感情に位置している」,滅びること,絶えてなくなる事,○○迅雷,○○迅雷.net,睡蓮の花言葉
「それは聖なる力それは未知への冒険そしてそれは勇気の証」を変換したものは何？,"Magic(=It'sholypower,it'sanadventureintotheunknown,andit'saproofofcourage.)",魔法,「力に所属しており概念に位置している」,魔力等のエネルギーを使用して不思議なことを起こさせる術,「蜘蛛ですが,なにか」の世界において魔術をシステムを通して簡略化したもの,○○陣,ホグワーツ○○魔術学校,治癒○○の間違った使い方
輝く精神を変換したものは何？,Chiramental(=shiningspirit),キラメンタル,「精神力に所属しており概念に位置している」,魅力や才能の源とされる輝く精神力,ジャメンタルの対となる,キラメイジャーに変身する者に求められる素質,登場用語の1つ,キラメイストーンと共鳴する強靭な輝くの精神
自分だけの何かを変換したものは何？,Gotcha(=somethingjustforme),ガッチャ！,「行動に所属しており概念に位置している」,「どでかい夢」とか「やった！」「掴んだ！」というような感じ,一ノ瀬宝太郎は錬金術に見出した,仮面ライダーガッチャード/一ノ瀬宝太郎の口癖,登場用語の1つ,上手く行かなかったときはノー○○○○○,
忍者に対して抱く各々の心の在り方や精神の持ち方と言った精神力を変換したものは何？,"ShinobiTality(=Mentalstrength,suchasthewayeachperson'sheartandspiritisheldtowardninjas)",忍タリティ,「精神力に所属しており概念に位置している」,「２ディメンションの術を使用したのち必殺技として○○○○○爆裂波を放つ」,忍者の力の源ともいうべきもの,手裏剣戦隊ニンニンジャーにて登場する用語の1つ,高めろ！○○○○○‼,○○○○○絵巻
「創る形成する」を変換したものは何？,"Build(=Create,form)",ビルド,「虚構の存在に所属しており概念に位置している」,同じ肉体で顔の違う科学者が違う結論を導いた者の姿,○○○ドライバー,仮面ライダー○○○で登場する用語の1つ,プロジェクト・○○○,○○○アップ,
愛と平和を変換したものは何？,Loveandpeace(=love&peace),ラブ＆ピース,「概念に位置している」,「他者への深い感情や情熱を指し,戦争や紛争がない状態や調和を示す」,○○○○○○の世界へ,4人が仮面ライダーとして戦う理由の一つ,仮面ライダービルドに登場する用語の1つ,葛城忍が科学者になった理由
『「勇気(brave)」だけでなく滅びた小惑星にはなかったもので共に燃え上がり絶望を乗り越える人間の魂とされる心の力』を変換したものは何？,"Brave(=``Notonly'brave',butalsothepoweroftheheartthatwasnotpresentonthedestroyedasteroid,andissaidtobethehumanspiritthatburnstogetherandovercomesdespair.'')",ブレイブ,「精神力に所属しており概念に位置している」,勇敢であることや恐れを知らぬこと,○○○○イン,「真の地球のメロディを聴き歌うことで○○○○が回復新たに生み出される」,獣電戦隊キョウリュウジャーに登場する用語の1つ,
想像力を変換したものは何？,Imagination(=imagination),イマジネーション,「力に所属しており概念に位置している」,夢見る力,想像する力,「多くの場合は子供にしか宿っておらず大人になるとそのほとんどが喪失してしまう」,列車戦隊トッキュウジャーに登場する用語の1つ,
マイペースに「行く」を変換したものは何？,It'smocha(=goatyourownpace),モカってる,「行動に所属しており概念に位置している」,モカちゃんの感性で決まる,モカちゃんらしい,「興味がわかない物にはとことん無関心だが好きな人の為には一所懸命になれる様」,BanGDream!ガールズバンドパーティーに登場する用語の1つ,造語である
「頑張っている」を変換したものは何？,I'mconfused(=doingmybest),ツグってる,「行動に所属しており概念に位置している」,「普通が故に努力家で前向き少しのことではめげないさま」,造語○○○ともいう,BanGDream!ガールズバンドパーティーに登場する用語の1つ,○○ってみよ-!,
可愛いものに目がない様を変換したものは何？,Noahishere(=It'slikeyoudon'thaveaneyeforcutethings),ノアってる,「行動に所属しており概念に位置している」,可愛いものに対して暴走する様,造語かわいいものに目がない,D4DJgroovymixに登場する用語の1つ
好奇心が強く知識も豊富で興味のあることには饒舌になる自分を認めてくれる相手には甘えていくがそうでない相手にはガードが堅い様を変換したものは何？,bedisgustedwith(=SothatIbehavelikeababytoapartnerdetectingoneselfbutguardisfirmforthepartnerwhoisnotso),むにってる,「行動に所属しており概念に位置している」,幼馴染に対して愛が重い行動を魅せる,造語,○○○○○時は不機嫌だったりする,D4DJgroovymixに登場する用語の1つ,ネット上で「絵師」として注目を集めている本人
感情を持つAI（機械族）が感情を持たないAI（機械族）のような行動を取る様を変換したものは何？,luminous(=ThewayanAI(machinepeople)withemotionsbehaveslikeanAI(machinepeople)withoutemotions.),ルミナってる,「行動に所属しており概念に位置している」,AI故に単調な行動を取る様,造語ネオに心を届けるために存在する,心を得た存在,歌姫アリアの現身に近い存在
何とも言い表せない素敵な気持ちを変換したものは何？,Emotional(=Whatanindescribablywonderfulfeeling!),エモい,感情に所属している,ある対象に対して感情が変化した時に使用される感動を表す俗語,切なさやなつかしさを含む場面が多い,○○○デザイン
小さいもの弱いものなどに心惹かれる気持ちを抱く様を変換したものは何？,Cute(=Feelingattractedtosmallandweakthings),可愛い,感情に所属している,「（小さくて）愛らしい小さい同情を誘うばかりに（痛々しく）かわいそうだ」,○○○○アイテム,他と比べて小さいさま,かわいそうだ,共感を高め,信頼に出来る関係性を形成する為
素晴らしい最高を変換したものは何？,precious(=wonderfulthebest),尊い,感情に所属している,価値が高い,大切だ,貴重だ,身分が高い,敬うべきだ,時間が重なってできたもの
特定の事象を変換したものは何？,Memory(=Somethingcreatedbytheoverlapoftime,aspecificevent),記憶,概念に位置している,物事を忘れずに覚えている事,覚えておくこと,「過去の経験の内容を保持し後でそれを思い出すこと」,○○障害,ガイアメモリに内包されるもの
存在の数だけ存在する理想の具現化偽善正しい道理を変換したものは何？,justice(=embodimentoftheidealhypocrisycorrectreasonarighteousprinciplethatexistsasmanyasthereare),正義,行動に所属しており概念に位置している,この概念同士で対立する脆き者,人間の社会的関係において実現されるべき究極的な価値,人間の対他的関係の規律に関わる法的な価値をさす,「弱者を救い悪者を懲らしめる人」,,
姓名も社会も文明も全て無に還す事を変換したものは何？,absoluteevil(=Namessocietyandcivilizationwillallbereducedtonothing.),絶対悪,行動に所属しており概念に位置している,共犯者のみが偉業と称えた行動,○○的な○のこと,「本人は悪い事と全く思っていないが私利私欲や興味関心のためにどう考えても他人にとっては迷惑極まりない行為を平然と行う」,憎まれることこそ悪の本懐,「悪いことをしたくて悪事を働きなおかつそこに何も思うところがない」,
運命共同体を変換したものは何？,Band(=Commondestiny),バンド,集団に所属しており概念に位置している,演奏に必要なメンバーが全て揃っている状態,一般にロックを演奏する事を目的,通信における帯域幅通信路容量,バンドリでは12以上の○○○が存在する
「ダンス・クラブやディスコでレコードを選択しプレーする人」存在と音楽を繋ぐのを変換したものは何？,DJ(=``Thepersonwhoselectsandplaysrecordsatdanceclubsanddiscos'',thepersonwhoconnectsexistenceandmusic.),DJ,職業に所属しており概念に位置している,バンドやユニットに参加している人もいる,ラジオ○○とクラブ○○の2種類の職業がある,○○ミキサートラックメイカーも兼ねる,○○は,○○Remix,D○○400ハピアラモデル
多数の要素が集まって（手）まとまりを持った組織や体系のことを変換したものは何？,System(=Anorganizationorsysteminwhichmanyelementscometogetherinacohesivemanner.),システム,概念に位置している,相互に影響をおよぼしあう要素から構成されるまとまりや仕組みの全体,AI○○○○,目的を遂行するための体系や組織の意味,「コンピュータ分野,自然科学分野などを中心に幅広い分野で使われる」
非常に稀有な「才能」たる転職に関連した能力を変換したものは何？,Skill(=Abilityrelatedtochangingjobsasaveryrare“talent”),技能,能力に所属しており概念に位置している,あることを行うための技術的な能力,「魔物肉を直接食し,肉体を回復することで取得出来,取得者が出来る項目が増加することで派生として現れる」,「物を作る仕事などに関し,それを巧みに（見事に）してのけることが出来る腕前」,表面的な召喚ボーナスは言語理解と錬成,潜在能力は○○の個数の分だけ分散する,
「攻撃・防御の正確さ精密さ」を変換したものは何？,Technology(=Accuracyandprecisionofattackanddefense),技術,方法に所属しており概念に位置している,巧みに行う技・技巧・技芸,からめ手を得意とする隊員が特殊○○が高い,「科学の原理を（産業や医療・事務などの活動に）役立てて,物を生産したり組織したりするしかた・わざ」,物事を巧みに（能率的に）行う技,「スナイパーを除いて○○のある隊員は戦闘能力の高い人物が多く○○の高さはその隊員の強さに影響している事が多いです。」,
「8種の系統を持ち神聖力を消費する」を変換したものは何？,Sacredart(=Ithas8differentstrainsandconsumesdivinepower.),神聖術,力に所属しており概念に位置している,「暗黒術とも呼ばれ神聖力或いは空間リソースと呼ばれるものを消費する」,システムコールで始まるSAOアリシゼーション編に出てくる用語の1つである,神器が宿した記憶を開放する超高等○○○,「武装完全支配術記憶開放術が含まれる」,,
歌を歌う事を変換したものは何？,Singing(=singingasong),歌唱,「行動に所属しており概念に位置している」,声を用いて音楽を作り出すことをいう,AI○○ソフトが存在している,「調の使用,リズム,持続音など様々な発声技術によって通常の音声を強化することで行われる」,○○を行う人を歌手と言う,異なる音程の声を歌う歌手による○○団
分からないことにルールを探す地道な努力を変換したものは何？,Science(=Steadyeffortstofindrulesforthingswedon'tunderstand),科学,学問に所属しており概念に位置している,発達しすぎた○○は魔法と区別がつかないと言われる,一定の目的・方法のもとに種種の事象を研究する認識活動,その成果としての体系知識,自然○○だけを指す場合もある,日本○○未来館,
音による芸術器楽と声楽がある人間に秘められた力を開放するものを変換したものは何？,Music(=Artbysoundinstrumentalmusicandvocalmusicsomethingthatreleasesthepowerhiddeninhumans.),音楽,学問に所属しており概念に位置している,音による時間の表現,○○の要素には,リズム,メロディー,ハーモニ―の3要素をもとに,主題,形式,調性,拍子,テンポ,楽器によって構成されます,直接心身に影響するものと,○○そのものの基盤として間接的に影響するものがあります,バンドリ！オフィシャルバンドスコアが登場している,D4DJgroovymixでは原曲のボーカルでリズムゲームが出来る,
「時空全体前後左右上下に広がる空間と過去から未来に伸びる時間をひっくるめたもの。人の気持ちの色が変わる」を変換したものは何？,"Universe(=Theentirespaceandtime,aspacethatextendsforward,backward,left,right,upanddown,andtimethatextendsfromthepasttothefuture.``Everytimethesongchangesduetosynesthesia,thesoundoftheentirevenueandthecolorofpeople'sfeelingschange.'')",宇宙,概念に位置している,秩序ある統一体としての世界,あらゆる天体の存在する空間,ビッグバンによって生まれた物体が○○の果てまで飛び去ることが出来る初速度の最小値を第二○○速度,コズミックエナジーが存在する空間,星の理を捻じ曲げる理法術と呼ばれる魔法の名を示す,
下界に神の居る時代を変換したものは何？,Ageofgods(=AnerainwhichthereweregodsinthelowerworldshowingthenameofthemagicknownasLogicthattwistedtheprinciplesofthestars.),神代,概念に位置している,その名の付く魔法を全て会得することで概念魔法に至る,図説○○文字入門,日本神話における時代区分,○○凛子博士,○○兄妹,神様の時代